id;date;time;branch
1;2021-06-28;2021-06-27T12:09:55;Gabon
2;2021-06-28;2021-06-27T14:16:56;ROI
3;2021-06-27;2021-06-27T23:26:13;Islands Future EXE
4;2021-06-28;2021-06-27T17:13:10;Frozen Point
5;2021-06-27;2021-06-27T17:04:39;Agent Salad
6;2021-06-27;2021-06-27T22:00:24;innovate monitor transparent
7;2021-06-28;2021-06-28T03:08:27;ADP
8;2021-06-27;2021-06-28T04:33:34;monitor Frozen
9;2021-06-27;2021-06-28T00:04:15;web-readiness Mobility
10;2021-06-28;2021-06-27T11:36:01;Turks and Caicos Islands
